{"mean": [0.6073780437240768, 0.5761329233683282, 0.5329315454579794], "std": [0.27742322280186277, 0.2751246550662447, 0.2860620754761606]}